firstName,lastName,email,schoolName
Adam,Foster,testselected+30@gmail.com,Naval Postgraduate School
Adam,Smith,testemployerselected+22@gmail.com,"University of California, San Diego"
Amanda,Ryan,testselected+39@gmail.com,North East University Bangladesh
Amy,Turner,testemployerselected+28@gmail.com,Kumamoto Prefectural University
Andrew,Carpenter,testselected+1@gmail.com,"Institute of Commonwealth Studies, University of London"
Andrew,Jacobs,testselected+5@gmail.com,Europa-Universität Viadrina Frankfurt (Oder)
Ann,Pierce,testemployerselected+26@gmail.com,Finance Academy
Anthony,Jenkins,testemployerselected+45@gmail.com,Marist College
Antonio,West,testselected+9@gmail.com,Universidad Nacional de la Patagonia Austral
Arthur,Schmidt,testemployerselected+52@gmail.com,Soongsil University
Benjamin,Hall,testselected+7@gmail.com,Universidad Iberoamericana de Ciencia y Tecnologia
Betty,Kennedy,testemployerselected+19@gmail.com,Universitas Klabat
Beverly,Wilson,testselected+54@gmail.com,Universidad Norbert Wiener
Bobby,Walker,testselected+2@gmail.com,Cheju National University of Education
Brandon,,testemployerselected+2@gmail.com,Sekolah Tinggi Akuntansi Negara (STAN)
Brenda,Mills,testselected+53@gmail.com,Logan College of Chiropractic
Brian,Webb,testselected+9@gmail.com,University of New Hampshire
Brian,Cunningham,testemployerselected+12@gmail.com,Shanghai Lixin University of Commerce
Carlos,Hill,testselected+28@gmail.com,Omsk State Medicical Academy
Carlos,Lewis,testemployerselected+14@gmail.com,Moscow State Technical University of Civil Aviation
Carlos,Welch,testemployerselected+27@gmail.com,Bule Hora  University
Carol,Shaw,testselected+16@gmail.com,Skadron College
Carol,Morales,testselected+25@gmail.com,Tokushima University
Carol,Simmons,testemployerselected+55@gmail.com,West Virginia School of Osteopathic Medicine
Christina,Spencer,testselected+20@gmail.com,Idaho State University
Christina,Scott,testemployerselected+17@gmail.com,Addis Ababa Science & Technology University
Christopher,Smith,testemployerselected+10@gmail.com,Gardner Webb University
Christopher,Bennett,testemployerselected+29@gmail.com,College Misericordia
Craig,Bailey,testemployerselected+21@gmail.com,Chinese University of Hong Kong
Cynthia,Ellis,testselected+27@gmail.com,Universidad Autónoma de Madrid
Daniel,Ortiz,testemployerselected+34@gmail.com,International Colleges of Islamic Science
Diana,Rice,testselected+18@gmail.com,University of Kirkuk
Diane,Anderson,testselected+13@gmail.com,University of Southern Philippines Foundation
Donald,Fowler,testselected+4@gmail.com,Wuhan University
Donald,Kelly,testselected+35@gmail.com,Stephens College
Donald,Nichols,testselected+51@gmail.com,Katholische Fachhochschule Berlin (KFB)
Doris,Fox,testemployerselected+1@gmail.com,Universidad de Costa Rica
Doris,Powell,testemployerselected+8@gmail.com,Nova Scotia Agricultural College
Emily,Gomez,testemployerselected+54@gmail.com,Catholic University in Zimbabwe
Emily,Ross,,Mokpo National Maritime University
Eric,Bowman,testemployerselected+18@gmail.com,Nilai University College
Ernest,Powell,testemployerselected+35@gmail.com,State Maritine Academy
George,Garza,testselected+40@gmail.com,Aomori Chuoh Gakuin University
Gerald,Rivera,testselected+29@gmail.com,Lees-McRae College
Gerald,Hart,testemployerselected+11@gmail.com,Universidade Estadual de Londrina
Gregory,Owens,testemployerselected+53@gmail.com,University of Cagliari
Gregory,Jackson,,Universidad Nuestra Senora de La Paz
Howard,,testselected+37@gmail.com,Universitas Merdeka Malang
Howard,Owens,testemployerselected+5@gmail.com,Ilsa Independent College
Howard,Palmer,testemployerselected+20@gmail.com,Immaculata University
Jack,Mills,testemployerselected+13@gmail.com,Ecole Nationale d'Administration
Jack,Mendoza,testselected+50@gmail.com,University of San Francisco
Janet,Watson,testemployerselected+40@gmail.com,Police Academy
Jason,Walker,testemployerselected+43@gmail.com,Judson College Elgin
Jerry,Marshall,testselected+42@gmail.com,Polytechnic of Namibia
Joan,Foster,testselected+44@gmail.com,University of Verona
Joan,Carr,testemployerselected+33@gmail.com,Pädagogische Hochschule Ludwigsburg
Joe,Brown,testselected+9@gmail.com,"De La Salle University, Araneta"
Johnny,Johnston,testselected+36@gmail.com,Baptist Bible College of Missouri
Joyce,Harris,testselected+34@gmail.com,Institute of Transpersonal Psychology
Juan,Harper,testemployerselected+3@gmail.com,Cyryx College
Juan,Harper,testselected+55@gmail.com,Campbellsville College
Judith,Cooper,testselected+33@gmail.com,University of Akureyri
Judith,Andrews,testemployerselected+38@gmail.com,Aquinas College
Julie,Reid,testemployerselected+42@gmail.com,Philippine Military Academy
Justin,Cruz,testemployerselected+32@gmail.com,"Florida Metropolitan University, Fort Lauderdale College"
Justin,Schmidt,testemployerselected+48@gmail.com,Hawassa University
Kathleen,Griffin,testemployerselected+44@gmail.com,Hogere Zeevaartschool - Maritime Academy
Kathryn,Brooks,testselected+38@gmail.com,St. Leo College
Kelly,Stevens,testselected+47@gmail.com,Felician College
Kenneth,Richards,,Universidad Nacional Daniel Alcides Carrion
Kevin,Ross,testemployerselected+7@gmail.com,"National American University, Sioux Falls"
Larry,Hansen,testselected+15@gmail.com,Instituto Universitario de La Paz
Lawrence,Young,testemployerselected+25@gmail.com,Moldova Technical University
Mary,Schmidt,testemployerselected+23@gmail.com,Hillsdale College
Matthew,Day,testselected+49@gmail.com,Postgraduate Institute of Agriculture (PGIA)
Matthew,Scott,testemployerselected+36@gmail.com,Kurdistan University of Medical Sciences
Melissa,Banks,testselected+10@gmail.com,University of Minnesota - Crookston
Melissa,Young,testselected+11@gmail.com,Universidad de Valparaiso
Melissa,Garrett,testselected+26@gmail.com,Toyama University
Melissa,Andrews,testselected+45@gmail.com,Kent State University
Mildred,Alexander,testemployerselected+46@gmail.com,Universidad del Mar
Nicholas,,testselected+23@gmail.com,Technikum Wien
Nicole,Medina,testemployerselected+50@gmail.com,Tottori University of Environmental Studies
Norma,Jordan,testselected+48@gmail.com,Ursinus College
Patrick,Morrison,testemployerselected+6@gmail.com,Campus Bio-Medico University of Rome
Paul,Griffin,testemployerselected+31@gmail.com,Hochschule Esslingen
Phyllis,Cooper,testselected+52@gmail.com,Universidad Maritima de Chile
Rebecca,Hall,testselected+21@gmail.com,Academy of Economics in Katowice
Richard,Nguyen,testselected+17@gmail.com,Palmer College of Chiropractic West
Robin,Graham,testselected+3@gmail.com,"Hidayatullah National Law University, Raipur"
Robin,Medina,testemployerselected+49@gmail.com,Weizmann Institute of Science
Roger,Riley,testemployerselected+9@gmail.com,Universidad La Salle Cuernavaca
Rose,,testselected+12@gmail.com,Universidad Fray Luca Paccioli
Ruby,Gibson,testselected+41@gmail.com,Griffith College
Ruby,,testemployerselected+16@gmail.com,Universidad Nacional del Littoral
Russell,Smith,testselected+14@gmail.com,Aalborg University
Sandra,Hernandez,testselected+22@gmail.com,Universidad Nacional de Lomas de Zamora
Sandra,Kelley,testemployerselected+37@gmail.com,State University of New York Downstate Medical Center
Sara,Kelly,testselected+8@gmail.com,Quantum-Veritas International University
Sarah,Peters,testselected+32@gmail.com,Universidad Rey Juan Carlos
Scott,Howard,testselected+6@gmail.com,University of Patras
Shirley,Oliver,testemployerselected+51@gmail.com,Shizuoka Prefectural University
Steven,Martinez,testemployerselected+24@gmail.com,Eastern University
Susan,Franklin,testemployerselected+4@gmail.com,Universitas Pakuan
Theresa,Nichols,testselected+24@gmail.com,Cevro Institut College
Thomas,Cox,testemployerselected+41@gmail.com,Purdue University Calumet
Victor,Ryan,testemployerselected+15@gmail.com,Fachhochschule Heidelberg
Wanda,Mitchell,testemployerselected+47@gmail.com,Central South University
Wayne,,testselected+29@gmail.com,Université Jean Monnet
William,Romero,testselected+31@gmail.com,Institute of Finance
Willie,Gutierrez,testselected+43@gmail.com,Mount Union College
,Cooper,testselected+19@gmail.com,Siauliai University
,Reynolds,testselected+46@gmail.com,Nagasaki University
,Ramos,testemployerselected+30@gmail.com,East Kazakstan State Technical University
,Moore,testemployerselected+39@gmail.com,Maryville University of St. Louis